Pass_Through_Rate,Carbon_Price_Scenario,Carbon_Price_USD_per_t,MYS_Annual_Cost_USD_Bn,MYS_Pct_GDP,PHL_Annual_Cost_USD_Bn,PHL_Pct_GDP
1%,Low (0.5× NZ2050),27.79,0.112,0.03,0.074,0.02
1%,Baseline (NZ2050),55.58,0.224,0.05,0.148,0.03
1%,Stress (2× NZ2050),111.16,0.448,0.11,0.296,0.07
3%,Low (0.5× NZ2050),27.79,0.336,0.08,0.222,0.05
3%,Baseline (NZ2050),55.58,0.671,0.16,0.444,0.1
3%,Stress (2× NZ2050),111.16,1.343,0.33,0.888,0.2
5%,Low (0.5× NZ2050),27.79,0.559,0.14,0.37,0.08
5%,Baseline (NZ2050),55.58,1.119,0.27,0.74,0.17
5%,Stress (2× NZ2050),111.16,2.238,0.55,1.48,0.33
